seed,summary_type,config_branch,model_variant,attack_variant,threshold,config_label,mode,p_delete,p_add,max_additions,evaluated_nodes,purified_plain_correct_fraction,correct_fraction,abstained_fraction,correct_abstained_fraction,correct_zero_radius_fraction,positive_certified_fraction,max_reported_radius,mean_pA_lower,mean_lower_margin,failure_reason_counts
7,fixed-config,mainline,clean-training,clean-training,0.01,balanced-sparse-0.2,sparse-edge-flip,0.2,0.2,160,12,0.6666666666666666,0.5833333333333334,0.25,0.0,0.5833333333333334,0.0,0,0.6129811857940174,0.22596237158803442,prediction-incorrect:5; zero-radius:7
7,fixed-config,mainline,clean-training,clean-training,0.01,symmetric-0.2,symmetric-edge-flip,0.2,0.2,160,12,0.6666666666666666,0.5833333333333334,0.3333333333333333,0.0,0.5833333333333334,0.0,0,0.5988246044055242,0.19764920881104828,prediction-incorrect:5; zero-radius:7
7,fixed-config,mainline,clean-training,clean-training,0.01,symmetric-0.3,symmetric-edge-flip,0.3,0.3,160,12,0.6666666666666666,0.5833333333333334,0.16666666666666666,0.0,0.4166666666666667,0.16666666666666666,1,0.6125274644151497,0.2250549288302993,positive-radius:2; prediction-incorrect:5; zero-radius:5
7,fixed-config,mainline,clean-training,clean-training,0.02,balanced-sparse-0.2,sparse-edge-flip,0.2,0.2,160,12,0.6666666666666666,0.5833333333333334,0.25,0.0,0.5833333333333334,0.0,0,0.6117868596933048,0.22357371938660975,prediction-incorrect:5; zero-radius:7
7,fixed-config,mainline,clean-training,clean-training,0.02,symmetric-0.2,symmetric-edge-flip,0.2,0.2,160,12,0.6666666666666666,0.6666666666666666,0.3333333333333333,0.08333333333333333,0.5833333333333334,0.0,0,0.5975050706552262,0.19501014131045236,abstained:1; prediction-incorrect:4; zero-radius:7
7,fixed-config,mainline,clean-training,clean-training,0.02,symmetric-0.3,symmetric-edge-flip,0.3,0.3,160,12,0.6666666666666666,0.5833333333333334,0.25,0.0,0.4166666666666667,0.16666666666666666,1,0.615112594371587,0.2302251887431741,positive-radius:2; prediction-incorrect:5; zero-radius:5
7,fixed-config,mainline,clean-training,clean-training,0.05,balanced-sparse-0.2,sparse-edge-flip,0.2,0.2,160,12,0.75,0.6666666666666666,0.3333333333333333,0.08333333333333333,0.5833333333333334,0.0,0,0.5926188349384343,0.18523766987686843,abstained:1; prediction-incorrect:4; zero-radius:7
7,fixed-config,mainline,clean-training,clean-training,0.05,symmetric-0.2,symmetric-edge-flip,0.2,0.2,160,12,0.75,0.5833333333333334,0.3333333333333333,0.0,0.5833333333333334,0.0,0,0.6098683770006322,0.2197367540012647,prediction-incorrect:5; zero-radius:7
7,fixed-config,mainline,clean-training,clean-training,0.05,symmetric-0.3,symmetric-edge-flip,0.3,0.3,160,12,0.75,0.5833333333333334,0.3333333333333333,0.0,0.5,0.08333333333333333,1,0.5975676166585613,0.1951352333171225,positive-radius:1; prediction-incorrect:5; zero-radius:6
7,fixed-config,mainline,matched-sparse-noisy-training,matched-sparse-noisy-training,0.01,balanced-sparse-0.2,sparse-edge-flip,0.2,0.2,160,12,0.6666666666666666,0.3333333333333333,0.0,0.0,0.08333333333333333,0.25,1,0.8284743596972125,0.6569487193944249,positive-radius:3; prediction-incorrect:8; zero-radius:1
7,fixed-config,mainline,matched-sparse-noisy-training,matched-sparse-noisy-training,0.01,symmetric-0.2,symmetric-edge-flip,0.2,0.2,160,12,0.6666666666666666,0.3333333333333333,0.0,0.0,0.08333333333333333,0.25,1,0.8334180220998079,0.6668360441996158,positive-radius:3; prediction-incorrect:8; zero-radius:1
7,fixed-config,mainline,matched-sparse-noisy-training,matched-sparse-noisy-training,0.01,symmetric-0.3,symmetric-edge-flip,0.3,0.3,160,12,0.6666666666666666,0.3333333333333333,0.0,0.0,0.0,0.3333333333333333,4,0.8924622576043691,0.7849245152087384,positive-radius:4; prediction-incorrect:8
7,fixed-config,mainline,matched-sparse-noisy-training,matched-sparse-noisy-training,0.02,balanced-sparse-0.2,sparse-edge-flip,0.2,0.2,160,12,0.6666666666666666,0.3333333333333333,0.0,0.0,0.08333333333333333,0.25,1,0.8406848262854411,0.681369652570882,positive-radius:3; prediction-incorrect:8; zero-radius:1
7,fixed-config,mainline,matched-sparse-noisy-training,matched-sparse-noisy-training,0.02,symmetric-0.2,symmetric-edge-flip,0.2,0.2,160,12,0.6666666666666666,0.3333333333333333,0.0,0.0,0.08333333333333333,0.25,1,0.8369456365131054,0.6738912730262108,positive-radius:3; prediction-incorrect:8; zero-radius:1
7,fixed-config,mainline,matched-sparse-noisy-training,matched-sparse-noisy-training,0.02,symmetric-0.3,symmetric-edge-flip,0.3,0.3,160,12,0.6666666666666666,0.3333333333333333,0.0,0.0,0.0,0.3333333333333333,4,0.8892221189310345,0.7784442378620691,positive-radius:4; prediction-incorrect:8
7,fixed-config,mainline,matched-sparse-noisy-training,matched-sparse-noisy-training,0.05,balanced-sparse-0.2,sparse-edge-flip,0.2,0.2,160,12,0.75,0.3333333333333333,0.0,0.0,0.08333333333333333,0.25,1,0.8336344004091819,0.6672688008183636,positive-radius:3; prediction-incorrect:8; zero-radius:1
7,fixed-config,mainline,matched-sparse-noisy-training,matched-sparse-noisy-training,0.05,symmetric-0.2,symmetric-edge-flip,0.2,0.2,160,12,0.75,0.3333333333333333,0.0,0.0,0.08333333333333333,0.25,1,0.8357966143506464,0.671593228701293,positive-radius:3; prediction-incorrect:8; zero-radius:1
7,fixed-config,mainline,matched-sparse-noisy-training,matched-sparse-noisy-training,0.05,symmetric-0.3,symmetric-edge-flip,0.3,0.3,160,12,0.75,0.3333333333333333,0.0,0.0,0.0,0.3333333333333333,4,0.896173658124029,0.7923473162480583,positive-radius:4; prediction-incorrect:8
7,fixed-config,mainline,balanced-sparse-noisy-training,balanced-sparse-noisy-training,0.01,balanced-sparse-0.2,sparse-edge-flip,0.2,0.2,160,12,0.75,0.25,0.0,0.0,0.0,0.25,2,0.9811771485586083,0.9623542971172169,positive-radius:3; prediction-incorrect:9
7,fixed-config,mainline,balanced-sparse-noisy-training,balanced-sparse-noisy-training,0.01,symmetric-0.2,symmetric-edge-flip,0.2,0.2,160,12,0.75,0.25,0.0,0.0,0.0,0.25,2,0.9811771485586083,0.9623542971172169,positive-radius:3; prediction-incorrect:9
7,fixed-config,mainline,balanced-sparse-noisy-training,balanced-sparse-noisy-training,0.01,symmetric-0.3,symmetric-edge-flip,0.3,0.3,160,12,0.75,0.25,0.0,0.0,0.0,0.25,5,0.9811771485586083,0.9623542971172169,positive-radius:3; prediction-incorrect:9
7,fixed-config,mainline,balanced-sparse-noisy-training,balanced-sparse-noisy-training,0.02,balanced-sparse-0.2,sparse-edge-flip,0.2,0.2,160,12,0.75,0.25,0.0,0.0,0.0,0.25,2,0.9811771485586083,0.9623542971172169,positive-radius:3; prediction-incorrect:9
7,fixed-config,mainline,balanced-sparse-noisy-training,balanced-sparse-noisy-training,0.02,symmetric-0.2,symmetric-edge-flip,0.2,0.2,160,12,0.75,0.25,0.0,0.0,0.0,0.25,2,0.9811771485586083,0.9623542971172169,positive-radius:3; prediction-incorrect:9
7,fixed-config,mainline,balanced-sparse-noisy-training,balanced-sparse-noisy-training,0.02,symmetric-0.3,symmetric-edge-flip,0.3,0.3,160,12,0.75,0.25,0.0,0.0,0.0,0.25,5,0.9811771485586083,0.9623542971172169,positive-radius:3; prediction-incorrect:9
7,fixed-config,mainline,balanced-sparse-noisy-training,balanced-sparse-noisy-training,0.05,balanced-sparse-0.2,sparse-edge-flip,0.2,0.2,160,12,0.6666666666666666,0.25,0.0,0.0,0.0,0.25,2,0.9811771485586083,0.9623542971172169,positive-radius:3; prediction-incorrect:9
7,fixed-config,mainline,balanced-sparse-noisy-training,balanced-sparse-noisy-training,0.05,symmetric-0.2,symmetric-edge-flip,0.2,0.2,160,12,0.6666666666666666,0.25,0.0,0.0,0.0,0.25,2,0.9811771485586083,0.9623542971172169,positive-radius:3; prediction-incorrect:9
7,fixed-config,mainline,balanced-sparse-noisy-training,balanced-sparse-noisy-training,0.05,symmetric-0.3,symmetric-edge-flip,0.3,0.3,160,12,0.6666666666666666,0.25,0.0,0.0,0.0,0.25,5,0.9811771485586083,0.9623542971172169,positive-radius:3; prediction-incorrect:9
7,fixed-config,mainline,clean-warmstart-symmetric-finetune,clean-warmstart-symmetric-finetune,0.01,balanced-sparse-0.2,sparse-edge-flip,0.2,0.2,160,12,0.6666666666666666,0.6666666666666666,0.4166666666666667,0.16666666666666666,0.5,0.0,0,0.5961165146147702,0.19223302922954036,abstained:2; prediction-incorrect:4; zero-radius:6
7,fixed-config,mainline,clean-warmstart-symmetric-finetune,clean-warmstart-symmetric-finetune,0.01,symmetric-0.2,symmetric-edge-flip,0.2,0.2,160,12,0.6666666666666666,0.5833333333333334,0.3333333333333333,0.0,0.5833333333333334,0.0,0,0.6039339558170954,0.20786791163419086,prediction-incorrect:5; zero-radius:7
7,fixed-config,mainline,clean-warmstart-symmetric-finetune,clean-warmstart-symmetric-finetune,0.01,symmetric-0.3,symmetric-edge-flip,0.3,0.3,160,12,0.6666666666666666,0.5833333333333334,0.3333333333333333,0.0,0.5,0.08333333333333333,1,0.60077217799551,0.20154435599101972,positive-radius:1; prediction-incorrect:5; zero-radius:6
7,fixed-config,mainline,clean-warmstart-symmetric-finetune,clean-warmstart-symmetric-finetune,0.02,balanced-sparse-0.2,sparse-edge-flip,0.2,0.2,160,12,0.6666666666666666,0.6666666666666666,0.3333333333333333,0.08333333333333333,0.5833333333333334,0.0,0,0.6016155565155566,0.20323111303111338,abstained:1; prediction-incorrect:4; zero-radius:7
7,fixed-config,mainline,clean-warmstart-symmetric-finetune,clean-warmstart-symmetric-finetune,0.02,symmetric-0.2,symmetric-edge-flip,0.2,0.2,160,12,0.6666666666666666,0.5833333333333334,0.25,0.0,0.5833333333333334,0.0,0,0.601669241469641,0.20333848293928206,prediction-incorrect:5; zero-radius:7
7,fixed-config,mainline,clean-warmstart-symmetric-finetune,clean-warmstart-symmetric-finetune,0.02,symmetric-0.3,symmetric-edge-flip,0.3,0.3,160,12,0.6666666666666666,0.5833333333333334,0.3333333333333333,0.0,0.4166666666666667,0.16666666666666666,1,0.6079320530850532,0.2158641061701062,positive-radius:2; prediction-incorrect:5; zero-radius:5
7,fixed-config,mainline,clean-warmstart-symmetric-finetune,clean-warmstart-symmetric-finetune,0.05,balanced-sparse-0.2,sparse-edge-flip,0.2,0.2,160,12,0.75,0.5833333333333334,0.3333333333333333,0.0,0.5833333333333334,0.0,0,0.6064147709042621,0.21282954180852387,prediction-incorrect:5; zero-radius:7
7,fixed-config,mainline,clean-warmstart-symmetric-finetune,clean-warmstart-symmetric-finetune,0.05,symmetric-0.2,symmetric-edge-flip,0.2,0.2,160,12,0.75,0.5833333333333334,0.3333333333333333,0.0,0.5833333333333334,0.0,0,0.6106035158821878,0.22120703176437587,prediction-incorrect:5; zero-radius:7
7,fixed-config,mainline,clean-warmstart-symmetric-finetune,clean-warmstart-symmetric-finetune,0.05,symmetric-0.3,symmetric-edge-flip,0.3,0.3,160,12,0.75,0.5833333333333334,0.3333333333333333,0.0,0.4166666666666667,0.16666666666666666,1,0.5942533228255288,0.18850664565105765,positive-radius:2; prediction-incorrect:5; zero-radius:5
42,fixed-config,mainline,clean-training,clean-training,0.01,balanced-sparse-0.2,sparse-edge-flip,0.2,0.2,160,11,0.8181818181818182,0.6363636363636364,0.0,0.0,0.0,0.6363636363636364,2,0.9580166264052606,0.9160332528105212,positive-radius:7; prediction-incorrect:4
42,fixed-config,mainline,clean-training,clean-training,0.01,symmetric-0.2,symmetric-edge-flip,0.2,0.2,160,11,0.8181818181818182,0.6363636363636364,0.0,0.0,0.0,0.6363636363636364,2,0.9559569292155075,0.9119138584310147,positive-radius:7; prediction-incorrect:4
42,fixed-config,mainline,clean-training,clean-training,0.01,symmetric-0.3,symmetric-edge-flip,0.3,0.3,160,11,0.8181818181818182,0.6363636363636364,0.0,0.0,0.0,0.6363636363636364,5,0.974481694050382,0.9489633881007641,positive-radius:7; prediction-incorrect:4
42,fixed-config,mainline,clean-training,clean-training,0.02,balanced-sparse-0.2,sparse-edge-flip,0.2,0.2,160,11,0.8181818181818182,0.6363636363636364,0.0,0.0,0.0,0.6363636363636364,2,0.9556805488492145,0.9113610976984287,positive-radius:7; prediction-incorrect:4
42,fixed-config,mainline,clean-training,clean-training,0.02,symmetric-0.2,symmetric-edge-flip,0.2,0.2,160,11,0.8181818181818182,0.6363636363636364,0.0,0.0,0.0,0.6363636363636364,2,0.9478392132007688,0.8956784264015375,positive-radius:7; prediction-incorrect:4
42,fixed-config,mainline,clean-training,clean-training,0.02,symmetric-0.3,symmetric-edge-flip,0.3,0.3,160,11,0.8181818181818182,0.6363636363636364,0.0,0.0,0.0,0.6363636363636364,5,0.973855738532724,0.9477114770654483,positive-radius:7; prediction-incorrect:4
42,fixed-config,mainline,clean-training,clean-training,0.05,balanced-sparse-0.2,sparse-edge-flip,0.2,0.2,160,11,0.8181818181818182,0.6363636363636364,0.0,0.0,0.0,0.6363636363636364,2,0.951758387009674,0.9035167740193475,positive-radius:7; prediction-incorrect:4
42,fixed-config,mainline,clean-training,clean-training,0.05,symmetric-0.2,symmetric-edge-flip,0.2,0.2,160,11,0.8181818181818182,0.6363636363636364,0.0,0.0,0.0,0.6363636363636364,2,0.9550094389364626,0.9100188778729251,positive-radius:7; prediction-incorrect:4
42,fixed-config,mainline,clean-training,clean-training,0.05,symmetric-0.3,symmetric-edge-flip,0.3,0.3,160,11,0.8181818181818182,0.6363636363636364,0.0,0.0,0.0,0.6363636363636364,5,0.9736367827493825,0.9472735654987651,positive-radius:7; prediction-incorrect:4
42,fixed-config,mainline,matched-sparse-noisy-training,matched-sparse-noisy-training,0.01,balanced-sparse-0.2,sparse-edge-flip,0.2,0.2,160,12,0.5833333333333334,0.4166666666666667,0.3333333333333333,0.0,0.4166666666666667,0.0,0,0.5752760803205732,0.15055216064114638,prediction-incorrect:7; zero-radius:5
42,fixed-config,mainline,matched-sparse-noisy-training,matched-sparse-noisy-training,0.01,symmetric-0.2,symmetric-edge-flip,0.2,0.2,160,12,0.5833333333333334,0.4166666666666667,0.4166666666666667,0.08333333333333333,0.3333333333333333,0.0,0,0.5784139707609347,0.1568279415218693,abstained:1; prediction-incorrect:7; zero-radius:4
42,fixed-config,mainline,matched-sparse-noisy-training,matched-sparse-noisy-training,0.01,symmetric-0.3,symmetric-edge-flip,0.3,0.3,160,12,0.5833333333333334,0.4166666666666667,0.25,0.08333333333333333,0.16666666666666666,0.16666666666666666,1,0.5990252697920982,0.19805053958419672,abstained:1; positive-radius:2; prediction-incorrect:7; zero-radius:2
42,fixed-config,mainline,matched-sparse-noisy-training,matched-sparse-noisy-training,0.02,balanced-sparse-0.2,sparse-edge-flip,0.2,0.2,160,12,0.5833333333333334,0.4166666666666667,0.25,0.0,0.4166666666666667,0.0,0,0.5739796599253997,0.14795931985079958,prediction-incorrect:7; zero-radius:5
42,fixed-config,mainline,matched-sparse-noisy-training,matched-sparse-noisy-training,0.02,symmetric-0.2,symmetric-edge-flip,0.2,0.2,160,12,0.5833333333333334,0.4166666666666667,0.4166666666666667,0.08333333333333333,0.3333333333333333,0.0,0,0.5716115594602023,0.1432231189204046,abstained:1; prediction-incorrect:7; zero-radius:4
42,fixed-config,mainline,matched-sparse-noisy-training,matched-sparse-noisy-training,0.02,symmetric-0.3,symmetric-edge-flip,0.3,0.3,160,12,0.5833333333333334,0.4166666666666667,0.25,0.08333333333333333,0.25,0.08333333333333333,1,0.6099474148740397,0.21989482974807958,abstained:1; positive-radius:1; prediction-incorrect:7; zero-radius:3
42,fixed-config,mainline,matched-sparse-noisy-training,matched-sparse-noisy-training,0.05,balanced-sparse-0.2,sparse-edge-flip,0.2,0.2,160,12,0.6666666666666666,0.4166666666666667,0.3333333333333333,0.08333333333333333,0.3333333333333333,0.0,0,0.5613312071593123,0.12266241431862467,abstained:1; prediction-incorrect:7; zero-radius:4
42,fixed-config,mainline,matched-sparse-noisy-training,matched-sparse-noisy-training,0.05,symmetric-0.2,symmetric-edge-flip,0.2,0.2,160,12,0.6666666666666666,0.4166666666666667,0.4166666666666667,0.08333333333333333,0.3333333333333333,0.0,0,0.5692499583888336,0.13849991677766707,abstained:1; prediction-incorrect:7; zero-radius:4
42,fixed-config,mainline,matched-sparse-noisy-training,matched-sparse-noisy-training,0.05,symmetric-0.3,symmetric-edge-flip,0.3,0.3,160,12,0.6666666666666666,0.4166666666666667,0.25,0.08333333333333333,0.25,0.08333333333333333,1,0.5846192848421209,0.1692385696842418,abstained:1; positive-radius:1; prediction-incorrect:7; zero-radius:3
42,fixed-config,mainline,balanced-sparse-noisy-training,balanced-sparse-noisy-training,0.01,balanced-sparse-0.2,sparse-edge-flip,0.2,0.2,160,12,0.75,0.0,0.0,0.0,0.0,0.0,0,0.9811771485586083,0.9623542971172169,prediction-incorrect:12
42,fixed-config,mainline,balanced-sparse-noisy-training,balanced-sparse-noisy-training,0.01,symmetric-0.2,symmetric-edge-flip,0.2,0.2,160,12,0.75,0.0,0.0,0.0,0.0,0.0,0,0.9811771485586083,0.9623542971172169,prediction-incorrect:12
42,fixed-config,mainline,balanced-sparse-noisy-training,balanced-sparse-noisy-training,0.01,symmetric-0.3,symmetric-edge-flip,0.3,0.3,160,12,0.75,0.0,0.0,0.0,0.0,0.0,0,0.9811771485586083,0.9623542971172169,prediction-incorrect:12
42,fixed-config,mainline,balanced-sparse-noisy-training,balanced-sparse-noisy-training,0.02,balanced-sparse-0.2,sparse-edge-flip,0.2,0.2,160,12,0.75,0.0,0.0,0.0,0.0,0.0,0,0.9801947140747155,0.9603894281494313,prediction-incorrect:12
42,fixed-config,mainline,balanced-sparse-noisy-training,balanced-sparse-noisy-training,0.02,symmetric-0.2,symmetric-edge-flip,0.2,0.2,160,12,0.75,0.0,0.0,0.0,0.0,0.0,0,0.9811771485586083,0.9623542971172169,prediction-incorrect:12
42,fixed-config,mainline,balanced-sparse-noisy-training,balanced-sparse-noisy-training,0.02,symmetric-0.3,symmetric-edge-flip,0.3,0.3,160,12,0.75,0.0,0.0,0.0,0.0,0.0,0,0.9811771485586083,0.9623542971172169,prediction-incorrect:12
42,fixed-config,mainline,balanced-sparse-noisy-training,balanced-sparse-noisy-training,0.05,balanced-sparse-0.2,sparse-edge-flip,0.2,0.2,160,12,0.8333333333333334,0.0,0.0,0.0,0.0,0.0,0,0.9811771485586083,0.9623542971172169,prediction-incorrect:12
42,fixed-config,mainline,balanced-sparse-noisy-training,balanced-sparse-noisy-training,0.05,symmetric-0.2,symmetric-edge-flip,0.2,0.2,160,12,0.8333333333333334,0.0,0.0,0.0,0.0,0.0,0,0.9806859313166619,0.9613718626333241,prediction-incorrect:12
42,fixed-config,mainline,balanced-sparse-noisy-training,balanced-sparse-noisy-training,0.05,symmetric-0.3,symmetric-edge-flip,0.3,0.3,160,12,0.8333333333333334,0.0,0.0,0.0,0.0,0.0,0,0.9811771485586083,0.9623542971172169,prediction-incorrect:12
42,fixed-config,mainline,clean-warmstart-symmetric-finetune,clean-warmstart-symmetric-finetune,0.01,balanced-sparse-0.2,sparse-edge-flip,0.2,0.2,160,11,0.5454545454545454,0.6363636363636364,0.0,0.0,0.0,0.6363636363636364,2,0.9811771485586083,0.9623542971172168,positive-radius:7; prediction-incorrect:4
42,fixed-config,mainline,clean-warmstart-symmetric-finetune,clean-warmstart-symmetric-finetune,0.01,symmetric-0.2,symmetric-edge-flip,0.2,0.2,160,11,0.5454545454545454,0.6363636363636364,0.0,0.0,0.0,0.6363636363636364,2,0.9811771485586083,0.9623542971172168,positive-radius:7; prediction-incorrect:4
42,fixed-config,mainline,clean-warmstart-symmetric-finetune,clean-warmstart-symmetric-finetune,0.01,symmetric-0.3,symmetric-edge-flip,0.3,0.3,160,11,0.5454545454545454,0.6363636363636364,0.0,0.0,0.0,0.6363636363636364,5,0.9811771485586083,0.9623542971172168,positive-radius:7; prediction-incorrect:4
42,fixed-config,mainline,clean-warmstart-symmetric-finetune,clean-warmstart-symmetric-finetune,0.02,balanced-sparse-0.2,sparse-edge-flip,0.2,0.2,160,11,0.5454545454545454,0.6363636363636364,0.0,0.0,0.0,0.6363636363636364,2,0.9811771485586083,0.9623542971172168,positive-radius:7; prediction-incorrect:4
42,fixed-config,mainline,clean-warmstart-symmetric-finetune,clean-warmstart-symmetric-finetune,0.02,symmetric-0.2,symmetric-edge-flip,0.2,0.2,160,11,0.5454545454545454,0.6363636363636364,0.0,0.0,0.0,0.6363636363636364,2,0.9811771485586083,0.9623542971172168,positive-radius:7; prediction-incorrect:4
42,fixed-config,mainline,clean-warmstart-symmetric-finetune,clean-warmstart-symmetric-finetune,0.02,symmetric-0.3,symmetric-edge-flip,0.3,0.3,160,11,0.5454545454545454,0.6363636363636364,0.0,0.0,0.0,0.6363636363636364,5,0.9811771485586083,0.9623542971172168,positive-radius:7; prediction-incorrect:4
42,fixed-config,mainline,clean-warmstart-symmetric-finetune,clean-warmstart-symmetric-finetune,0.05,balanced-sparse-0.2,sparse-edge-flip,0.2,0.2,160,11,0.5454545454545454,0.6363636363636364,0.0,0.0,0.0,0.6363636363636364,2,0.9811771485586083,0.9623542971172168,positive-radius:7; prediction-incorrect:4
42,fixed-config,mainline,clean-warmstart-symmetric-finetune,clean-warmstart-symmetric-finetune,0.05,symmetric-0.2,symmetric-edge-flip,0.2,0.2,160,11,0.5454545454545454,0.6363636363636364,0.0,0.0,0.0,0.6363636363636364,2,0.9811771485586083,0.9623542971172168,positive-radius:7; prediction-incorrect:4
42,fixed-config,mainline,clean-warmstart-symmetric-finetune,clean-warmstart-symmetric-finetune,0.05,symmetric-0.3,symmetric-edge-flip,0.3,0.3,160,11,0.5454545454545454,0.6363636363636364,0.0,0.0,0.0,0.6363636363636364,5,0.9811771485586083,0.9623542971172168,positive-radius:7; prediction-incorrect:4
99,fixed-config,mainline,clean-training,clean-training,0.01,balanced-sparse-0.2,sparse-edge-flip,0.2,0.2,160,12,0.5,0.08333333333333333,0.0,0.0,0.0,0.08333333333333333,2,0.9811771485586083,0.9623542971172169,positive-radius:1; prediction-incorrect:11
99,fixed-config,mainline,clean-training,clean-training,0.01,symmetric-0.2,symmetric-edge-flip,0.2,0.2,160,12,0.5,0.08333333333333333,0.0,0.0,0.0,0.08333333333333333,2,0.9801947140747157,0.9603894281494312,positive-radius:1; prediction-incorrect:11
99,fixed-config,mainline,clean-training,clean-training,0.01,symmetric-0.3,symmetric-edge-flip,0.3,0.3,160,12,0.5,0.08333333333333333,0.0,0.0,0.0,0.08333333333333333,5,0.9811771485586083,0.9623542971172169,positive-radius:1; prediction-incorrect:11
99,fixed-config,mainline,clean-training,clean-training,0.02,balanced-sparse-0.2,sparse-edge-flip,0.2,0.2,160,12,0.5,0.08333333333333333,0.0,0.0,0.0,0.08333333333333333,2,0.9811771485586083,0.9623542971172169,positive-radius:1; prediction-incorrect:11
99,fixed-config,mainline,clean-training,clean-training,0.02,symmetric-0.2,symmetric-edge-flip,0.2,0.2,160,12,0.5,0.08333333333333333,0.0,0.0,0.0,0.08333333333333333,2,0.9806859313166619,0.9613718626333241,positive-radius:1; prediction-incorrect:11
99,fixed-config,mainline,clean-training,clean-training,0.02,symmetric-0.3,symmetric-edge-flip,0.3,0.3,160,12,0.5,0.08333333333333333,0.0,0.0,0.0,0.08333333333333333,5,0.9811771485586083,0.9623542971172169,positive-radius:1; prediction-incorrect:11
99,fixed-config,mainline,clean-training,clean-training,0.05,balanced-sparse-0.2,sparse-edge-flip,0.2,0.2,160,12,0.6666666666666666,0.08333333333333333,0.0,0.0,0.0,0.08333333333333333,2,0.9811771485586083,0.9623542971172169,positive-radius:1; prediction-incorrect:11
99,fixed-config,mainline,clean-training,clean-training,0.05,symmetric-0.2,symmetric-edge-flip,0.2,0.2,160,12,0.6666666666666666,0.08333333333333333,0.0,0.0,0.0,0.08333333333333333,2,0.9801947140747155,0.9603894281494313,positive-radius:1; prediction-incorrect:11
99,fixed-config,mainline,clean-training,clean-training,0.05,symmetric-0.3,symmetric-edge-flip,0.3,0.3,160,12,0.6666666666666666,0.08333333333333333,0.0,0.0,0.0,0.08333333333333333,5,0.9811771485586083,0.9623542971172169,positive-radius:1; prediction-incorrect:11
99,fixed-config,mainline,matched-sparse-noisy-training,matched-sparse-noisy-training,0.01,balanced-sparse-0.2,sparse-edge-flip,0.2,0.2,160,12,0.5833333333333334,0.4166666666666667,0.4166666666666667,0.16666666666666666,0.25,0.0,0,0.5837980453550782,0.16759609071015627,abstained:2; prediction-incorrect:7; zero-radius:3
99,fixed-config,mainline,matched-sparse-noisy-training,matched-sparse-noisy-training,0.01,symmetric-0.2,symmetric-edge-flip,0.2,0.2,160,12,0.5833333333333334,0.3333333333333333,0.4166666666666667,0.08333333333333333,0.25,0.0,0,0.5820946502002411,0.16418930040048207,abstained:1; prediction-incorrect:8; zero-radius:3
99,fixed-config,mainline,matched-sparse-noisy-training,matched-sparse-noisy-training,0.01,symmetric-0.3,symmetric-edge-flip,0.3,0.3,160,12,0.5833333333333334,0.25,0.4166666666666667,0.0,0.16666666666666666,0.08333333333333333,1,0.5816189228739211,0.16323784574784217,positive-radius:1; prediction-incorrect:9; zero-radius:2
99,fixed-config,mainline,matched-sparse-noisy-training,matched-sparse-noisy-training,0.02,balanced-sparse-0.2,sparse-edge-flip,0.2,0.2,160,12,0.5833333333333334,0.3333333333333333,0.5,0.08333333333333333,0.25,0.0,0,0.5468622825143387,0.0937245650286772,abstained:1; prediction-incorrect:8; zero-radius:3
99,fixed-config,mainline,matched-sparse-noisy-training,matched-sparse-noisy-training,0.02,symmetric-0.2,symmetric-edge-flip,0.2,0.2,160,12,0.5833333333333334,0.3333333333333333,0.4166666666666667,0.08333333333333333,0.25,0.0,0,0.5712533366160267,0.14250667323205365,abstained:1; prediction-incorrect:8; zero-radius:3
99,fixed-config,mainline,matched-sparse-noisy-training,matched-sparse-noisy-training,0.02,symmetric-0.3,symmetric-edge-flip,0.3,0.3,160,12,0.5833333333333334,0.3333333333333333,0.4166666666666667,0.08333333333333333,0.16666666666666666,0.08333333333333333,1,0.5631995322006398,0.12639906440127982,abstained:1; positive-radius:1; prediction-incorrect:8; zero-radius:2
99,fixed-config,mainline,matched-sparse-noisy-training,matched-sparse-noisy-training,0.05,balanced-sparse-0.2,sparse-edge-flip,0.2,0.2,160,12,0.75,0.4166666666666667,0.4166666666666667,0.16666666666666666,0.25,0.0,0,0.5634924976393053,0.12698499527861054,abstained:2; prediction-incorrect:7; zero-radius:3
99,fixed-config,mainline,matched-sparse-noisy-training,matched-sparse-noisy-training,0.05,symmetric-0.2,symmetric-edge-flip,0.2,0.2,160,12,0.75,0.25,0.3333333333333333,0.0,0.25,0.0,0,0.5847975858514237,0.16959517170284752,prediction-incorrect:9; zero-radius:3
99,fixed-config,mainline,matched-sparse-noisy-training,matched-sparse-noisy-training,0.05,symmetric-0.3,symmetric-edge-flip,0.3,0.3,160,12,0.75,0.25,0.4166666666666667,0.0,0.16666666666666666,0.08333333333333333,1,0.5805985911411501,0.16119718228230015,positive-radius:1; prediction-incorrect:9; zero-radius:2
99,fixed-config,mainline,balanced-sparse-noisy-training,balanced-sparse-noisy-training,0.01,balanced-sparse-0.2,sparse-edge-flip,0.2,0.2,160,12,0.5,0.16666666666666666,0.0,0.0,0.0,0.16666666666666666,2,0.9811771485586083,0.9623542971172169,positive-radius:2; prediction-incorrect:10
99,fixed-config,mainline,balanced-sparse-noisy-training,balanced-sparse-noisy-training,0.01,symmetric-0.2,symmetric-edge-flip,0.2,0.2,160,12,0.5,0.16666666666666666,0.0,0.0,0.0,0.16666666666666666,2,0.9811771485586083,0.9623542971172169,positive-radius:2; prediction-incorrect:10
99,fixed-config,mainline,balanced-sparse-noisy-training,balanced-sparse-noisy-training,0.01,symmetric-0.3,symmetric-edge-flip,0.3,0.3,160,12,0.5,0.16666666666666666,0.0,0.0,0.0,0.16666666666666666,5,0.9811771485586083,0.9623542971172169,positive-radius:2; prediction-incorrect:10
99,fixed-config,mainline,balanced-sparse-noisy-training,balanced-sparse-noisy-training,0.02,balanced-sparse-0.2,sparse-edge-flip,0.2,0.2,160,12,0.5,0.16666666666666666,0.0,0.0,0.0,0.16666666666666666,2,0.9811771485586083,0.9623542971172169,positive-radius:2; prediction-incorrect:10
99,fixed-config,mainline,balanced-sparse-noisy-training,balanced-sparse-noisy-training,0.02,symmetric-0.2,symmetric-edge-flip,0.2,0.2,160,12,0.5,0.16666666666666666,0.0,0.0,0.0,0.16666666666666666,2,0.9811771485586083,0.9623542971172169,positive-radius:2; prediction-incorrect:10
99,fixed-config,mainline,balanced-sparse-noisy-training,balanced-sparse-noisy-training,0.02,symmetric-0.3,symmetric-edge-flip,0.3,0.3,160,12,0.5,0.16666666666666666,0.0,0.0,0.0,0.16666666666666666,5,0.9811771485586083,0.9623542971172169,positive-radius:2; prediction-incorrect:10
99,fixed-config,mainline,balanced-sparse-noisy-training,balanced-sparse-noisy-training,0.05,balanced-sparse-0.2,sparse-edge-flip,0.2,0.2,160,12,0.6666666666666666,0.16666666666666666,0.0,0.0,0.0,0.16666666666666666,2,0.9811771485586083,0.9623542971172169,positive-radius:2; prediction-incorrect:10
99,fixed-config,mainline,balanced-sparse-noisy-training,balanced-sparse-noisy-training,0.05,symmetric-0.2,symmetric-edge-flip,0.2,0.2,160,12,0.6666666666666666,0.16666666666666666,0.0,0.0,0.0,0.16666666666666666,2,0.9811771485586083,0.9623542971172169,positive-radius:2; prediction-incorrect:10
99,fixed-config,mainline,balanced-sparse-noisy-training,balanced-sparse-noisy-training,0.05,symmetric-0.3,symmetric-edge-flip,0.3,0.3,160,12,0.6666666666666666,0.16666666666666666,0.0,0.0,0.0,0.16666666666666666,5,0.9811771485586083,0.9623542971172169,positive-radius:2; prediction-incorrect:10
99,fixed-config,mainline,clean-warmstart-symmetric-finetune,clean-warmstart-symmetric-finetune,0.01,balanced-sparse-0.2,sparse-edge-flip,0.2,0.2,160,12,0.5,0.08333333333333333,0.0,0.0,0.0,0.08333333333333333,2,0.9801947140747157,0.9603894281494312,positive-radius:1; prediction-incorrect:11
99,fixed-config,mainline,clean-warmstart-symmetric-finetune,clean-warmstart-symmetric-finetune,0.01,symmetric-0.2,symmetric-edge-flip,0.2,0.2,160,12,0.5,0.08333333333333333,0.0,0.0,0.0,0.08333333333333333,2,0.9802663301886717,0.9605326603773435,positive-radius:1; prediction-incorrect:11
99,fixed-config,mainline,clean-warmstart-symmetric-finetune,clean-warmstart-symmetric-finetune,0.01,symmetric-0.3,symmetric-edge-flip,0.3,0.3,160,12,0.5,0.08333333333333333,0.0,0.0,0.0,0.08333333333333333,5,0.9811771485586083,0.9623542971172169,positive-radius:1; prediction-incorrect:11
99,fixed-config,mainline,clean-warmstart-symmetric-finetune,clean-warmstart-symmetric-finetune,0.02,balanced-sparse-0.2,sparse-edge-flip,0.2,0.2,160,12,0.5,0.08333333333333333,0.0,0.0,0.0,0.08333333333333333,2,0.9811771485586083,0.9623542971172169,positive-radius:1; prediction-incorrect:11
99,fixed-config,mainline,clean-warmstart-symmetric-finetune,clean-warmstart-symmetric-finetune,0.02,symmetric-0.2,symmetric-edge-flip,0.2,0.2,160,12,0.5,0.08333333333333333,0.0,0.0,0.0,0.08333333333333333,2,0.9811771485586083,0.9623542971172169,positive-radius:1; prediction-incorrect:11
99,fixed-config,mainline,clean-warmstart-symmetric-finetune,clean-warmstart-symmetric-finetune,0.02,symmetric-0.3,symmetric-edge-flip,0.3,0.3,160,12,0.5,0.08333333333333333,0.0,0.0,0.0,0.08333333333333333,5,0.9811771485586083,0.9623542971172169,positive-radius:1; prediction-incorrect:11
99,fixed-config,mainline,clean-warmstart-symmetric-finetune,clean-warmstart-symmetric-finetune,0.05,balanced-sparse-0.2,sparse-edge-flip,0.2,0.2,160,12,0.6666666666666666,0.08333333333333333,0.0,0.0,0.0,0.08333333333333333,2,0.9811771485586083,0.9623542971172169,positive-radius:1; prediction-incorrect:11
99,fixed-config,mainline,clean-warmstart-symmetric-finetune,clean-warmstart-symmetric-finetune,0.05,symmetric-0.2,symmetric-edge-flip,0.2,0.2,160,12,0.6666666666666666,0.08333333333333333,0.0,0.0,0.0,0.08333333333333333,2,0.9806859313166619,0.961371862633324,positive-radius:1; prediction-incorrect:11
99,fixed-config,mainline,clean-warmstart-symmetric-finetune,clean-warmstart-symmetric-finetune,0.05,symmetric-0.3,symmetric-edge-flip,0.3,0.3,160,12,0.6666666666666666,0.08333333333333333,0.0,0.0,0.0,0.08333333333333333,5,0.9811771485586083,0.9623542971172169,positive-radius:1; prediction-incorrect:11
